{
    "name": "root",
    "gauges": {
        "Solver.Policy.Entropy.mean": {
            "value": 1.7011853456497192,
            "min": 1.4466631412506104,
            "max": 2.114900827407837,
            "count": 24
        },
        "Solver.Policy.Entropy.sum": {
            "value": 33547.375,
            "min": 28840.67578125,
            "max": 43302.59375,
            "count": 24
        },
        "Solver.Environment.EpisodeLength.mean": {
            "value": 196.58762886597938,
            "min": 168.4672131147541,
            "max": 259.2435897435897,
            "count": 24
        },
        "Solver.Environment.EpisodeLength.sum": {
            "value": 19069.0,
            "min": 19069.0,
            "max": 20553.0,
            "count": 24
        },
        "Solver.Step.mean": {
            "value": 479968.0,
            "min": 19879.0,
            "max": 479968.0,
            "count": 24
        },
        "Solver.Step.sum": {
            "value": 479968.0,
            "min": 19879.0,
            "max": 479968.0,
            "count": 24
        },
        "Solver.Policy.ExtrinsicValueEstimate.mean": {
            "value": 0.038502417504787445,
            "min": -0.044467464089393616,
            "max": 0.09535589069128036,
            "count": 24
        },
        "Solver.Policy.ExtrinsicValueEstimate.sum": {
            "value": 7.738986015319824,
            "min": -9.427102088928223,
            "max": 18.785110473632812,
            "count": 24
        },
        "Solver.Policy.CuriosityValueEstimate.mean": {
            "value": 0.22901980578899384,
            "min": 0.21288561820983887,
            "max": 0.7161309123039246,
            "count": 24
        },
        "Solver.Policy.CuriosityValueEstimate.sum": {
            "value": 46.032981872558594,
            "min": 42.15135192871094,
            "max": 151.8197479248047,
            "count": 24
        },
        "Solver.Environment.CumulativeReward.mean": {
            "value": 0.2270057712967443,
            "min": -0.08837405878424259,
            "max": 0.3201145278553496,
            "count": 24
        },
        "Solver.Environment.CumulativeReward.sum": {
            "value": 22.927582900971174,
            "min": -10.25139081897214,
            "max": 33.93213995266706,
            "count": 24
        },
        "Solver.Policy.ExtrinsicReward.mean": {
            "value": 0.2270057712967443,
            "min": -0.08837405878424259,
            "max": 0.3201145278553496,
            "count": 24
        },
        "Solver.Policy.ExtrinsicReward.sum": {
            "value": 22.927582900971174,
            "min": -10.25139081897214,
            "max": 33.93213995266706,
            "count": 24
        },
        "Solver.Policy.CuriosityReward.mean": {
            "value": 1.048283636726734,
            "min": 0.663667379759061,
            "max": 2.407109013212652,
            "count": 24
        },
        "Solver.Policy.CuriosityReward.sum": {
            "value": 105.87664730940014,
            "min": 77.64908343181014,
            "max": 279.22464553266764,
            "count": 24
        },
        "Solver.Losses.PolicyLoss.mean": {
            "value": 0.09693373711769569,
            "min": 0.09239435311359036,
            "max": 0.10384336111520949,
            "count": 24
        },
        "Solver.Losses.PolicyLoss.sum": {
            "value": 1.7448072681185225,
            "min": 1.707886845255773,
            "max": 1.9730238611889803,
            "count": 24
        },
        "Solver.Losses.ValueLoss.mean": {
            "value": 0.0010422941573275807,
            "min": 0.0007763678750249454,
            "max": 0.03788948517088505,
            "count": 24
        },
        "Solver.Losses.ValueLoss.sum": {
            "value": 0.018761294831896452,
            "min": 0.014750989625473963,
            "max": 0.6820107330759309,
            "count": 24
        },
        "Solver.Policy.LearningRate.mean": {
            "value": 0.0009953001726922051,
            "min": 0.0009953001726922051,
            "max": 0.0009998973116769356,
            "count": 24
        },
        "Solver.Policy.LearningRate.sum": {
            "value": 0.017915403108459692,
            "min": 0.017915403108459692,
            "max": 0.018994241360575866,
            "count": 24
        },
        "Solver.Policy.Epsilon.mean": {
            "value": 0.19953001722222222,
            "min": 0.19953001722222222,
            "max": 0.19998973116666668,
            "count": 24
        },
        "Solver.Policy.Epsilon.sum": {
            "value": 3.59154031,
            "min": 3.59154031,
            "max": 3.7994241360000003,
            "count": 24
        },
        "Solver.Policy.Beta.mean": {
            "value": 0.009953048720500002,
            "min": 0.009953048720500002,
            "max": 0.009998974143549999,
            "count": 24
        },
        "Solver.Policy.Beta.sum": {
            "value": 0.17915487696900004,
            "min": 0.17915487696900004,
            "max": 0.1899424711864,
            "count": 24
        },
        "Solver.Losses.CuriosityForwardLoss.mean": {
            "value": 0.07167844721286055,
            "min": 0.0494082124450391,
            "max": 0.39933432492606086,
            "count": 24
        },
        "Solver.Losses.CuriosityForwardLoss.sum": {
            "value": 1.29021204983149,
            "min": 0.938756036455743,
            "max": 7.188017848669095,
            "count": 24
        },
        "Solver.Losses.CuriosityInverseLoss.mean": {
            "value": 1.5340199653375775,
            "min": 1.3121304202839876,
            "max": 2.1270950158047524,
            "count": 24
        },
        "Solver.Losses.CuriosityInverseLoss.sum": {
            "value": 27.612359376076395,
            "min": 23.618347565111776,
            "max": 38.28771028448554,
            "count": 24
        },
        "Solver.IsTraining.mean": {
            "value": 1.0,
            "min": 1.0,
            "max": 1.0,
            "count": 24
        },
        "Solver.IsTraining.sum": {
            "value": 1.0,
            "min": 1.0,
            "max": 1.0,
            "count": 24
        }
    },
    "metadata": {
        "timer_format_version": "0.1.0",
        "start_time_seconds": "1649497684",
        "python_version": "3.7.13 (default, Mar 28 2022, 08:03:21) [MSC v.1916 64 bit (AMD64)]",
        "command_line_arguments": "D:\\Users\\Angi\\anaconda3\\envs\\ml-agents-r17\\Scripts\\mlagents-learn Config/PCGRL.yaml --run-id PCGRL_V4",
        "mlagents_version": "0.26.0",
        "mlagents_envs_version": "0.26.0",
        "communication_protocol_version": "1.5.0",
        "pytorch_version": "1.7.1+cu110",
        "numpy_version": "1.21.5",
        "end_time_seconds": "1649499547"
    },
    "total": 1863.4492746,
    "count": 1,
    "self": 0.015120300000035058,
    "children": {
        "run_training.setup": {
            "total": 0.16121240000000014,
            "count": 1,
            "self": 0.16121240000000014
        },
        "TrainerController.start_learning": {
            "total": 1863.2729419,
            "count": 1,
            "self": 4.226347600014606,
            "children": {
                "TrainerController._reset_env": {
                    "total": 12.720505,
                    "count": 1,
                    "self": 12.720505
                },
                "TrainerController.advance": {
                    "total": 1845.7905745999853,
                    "count": 124941,
                    "self": 2.0969095999844285,
                    "children": {
                        "env_step": {
                            "total": 1843.693665000001,
                            "count": 124941,
                            "self": 927.1396325999654,