{
    "name": "root",
    "metadata": {
        "timer_format_version": "0.1.0",
        "start_time_seconds": "1649499812",
        "python_version": "3.7.13 (default, Mar 28 2022, 08:03:21) [MSC v.1916 64 bit (AMD64)]",
        "command_line_arguments": "D:\\Users\\Angi\\anaconda3\\envs\\ml-agents-r17\\Scripts\\mlagents-learn Config/PCGRL.yaml --run-id PCGRL_V5",
        "mlagents_version": "0.26.0",
        "mlagents_envs_version": "0.26.0",
        "communication_protocol_version": "1.5.0",
        "pytorch_version": "1.7.1+cu110",
        "numpy_version": "1.21.5",
        "end_time_seconds": "1649499853"
    },
    "total": 40.9908086,
    "count": 1,
    "self": 0.017015800000002912,
    "children": {
        "run_training.setup": {
            "total": 0.12813849999999993,
            "count": 1,
            "self": 0.12813849999999993
        },
        "TrainerController.start_learning": {
            "total": 40.8456543,
            "count": 1,
            "self": 0.037689499999885356,
            "children": {
                "TrainerController._reset_env": {
                    "total": 25.1987781,
                    "count": 1,
                    "self": 25.1987781
                },
                "TrainerController.advance": {
                    "total": 15.338191500000125,
                    "count": 859,
                    "self": 0.01370320000025771,
                    "children": {
                        "env_step": {
                            "total": 15.324488299999867,
                            "count": 859,
                            "self": 10.481208599999956,
                            "children": {
                                "SubprocessEnvManager._take_step": {
                                    "total": 4.831137399999935,
                                    "count": 859,
                                    "self": 0.06457249999991532,
                                    "children": {
                                        "TorchPolicy.evaluate": {
                                            "total": 4.76656490000002,
                                            "count": 850,
                                            "self": 1.253164699999953,
                                            "children": {
                                                "TorchPolicy.sample_actions": {
                                                    "total": 3.513400200000067,
                                                    "count": 850,
                                                    "self": 3.513400200000067
                                                }
                                            }
                                        }
                                    }
                                },
                                "workers": {
                                    "total": 0.012142299999975847,
                                    "count": 858,
                                    "self": 0.0,
                                    "children": {
                                        "worker_root": {
                                            "total": 16.18038460000006,
                                            "count": 858,
                                            "is_parallel": true,
                                            "self": 7.736940800000092,
                                            "children": {
                                                "steps_from_proto": {
                                                    "total": 0.0006835000000009472,
                                                    "count": 1,
                                                    "is_parallel": true,
                                                    "self": 0.0002892000000045414,
                                                    "children": {
                                                        "_process_rank_one_or_two_observation": {
                                                            "total": 0.00039429999999640586,
                                                            "count": 4,
                                                            "is_parallel": true,
                                                            "self": 0.00039429999999640586
                                                        }
                                                    }
                                                },
                                                "UnityEnvironment.step": {
                                                    "total": 8.442760299999968,
                                                    "count": 858,
                                                    "is_parallel": true,
                                                    "self": 0.15132180000015083,
                                                    "children": {
                                                        "UnityEnvironment._generate_step_input": {
                                                            "total": 0.12591300000001482,
                                                            "count": 858,
                                                            "is_parallel": true,
                                                            "self": 0.12591300000001482
                                                        },
                                                        "communicator.exchange": {
                                                            "total": 7.639455899999916,
                                                            "count": 858,
                                                            "is_parallel": true,
                                                            "self": 7.639455899999916
                                                        },
                                                        "steps_from_proto": {
                                                            "total": 0.5260695999998859,
                                                            "count": 858,
                                                            "is_parallel": true,
                                                            "self": 0.20531209999977662,
                                                            "children": {
                                                                "_process_rank_one_or_two_observation": {
                                                                    "total": 0.3207575000001093,
                                                                    "count": 3432,
                                                                    "is_parallel": true,
                                                                    "self": 0.3207575000001093
                                                                }
                                                            }
                                                        }
                                                    }
                                                }
                                            }
                                        }
                                    }
                                }
                            }
                        }
                    }
                },
                "trainer_threads": {
                    "total": 3.4699999993392794e-05,
                    "count": 1,
                    "self": 3.4699999993392794e-05,
                    "children": {
                        "thread_root": {
                            "total": 0.0,
                            "count": 0,
                            "is_parallel": true,
                            "self": 0.0,
                            "children": {
                                "trainer_advance": {
                                    "total": 15.364856099999955,