{"count":1,"self":1907.8991872,"total":11506.9199663,"children":{"InitializeActuators":{"count":11247,"self":0.19158319999999998,"total":0.19158319999999998,"children":null},"InitializeSensors":{"count":11247,"self":0.84532869999999993,"total":0.84532869999999993,"children":null},"AgentSendState":{"count":2663500,"self":427.158656,"total":640.54033729999992,"children":{"CollectObservations":{"count":3550913,"self":36.3517888,"total":36.351787699999996,"children":null},"WriteActionMask":{"count":3550913,"self":2.8263132,"total":2.8263133,"children":null},"RequestDecision":{"count":3550913,"self":15.1141472,"total":174.20359299999998,"children":{"AgentInfo.ToProto":{"count":3550913,"self":14.109278399999999,"total":159.08944649999998,"children":{"GenerateSensorData":{"count":3550913,"self":129.1071744,"total":144.9801685,"children":{"RayPerceptionSensor.Perceive":{"count":3550913,"self":15.872987199999999,"total":15.8729879,"children":null}}}}}}}}},"DecideAction":{"count":2663500,"self":8905.4101504,"total":8905.4105507,"children":null},"AgentAct":{"count":2663500,"self":50.3255072,"total":51.304952799999995,"children":{"AgentInfo.ToProto":{"count":7371,"self":0.042563899999999995,"total":0.3847156,"children":{"GenerateSensorData":{"count":7371,"self":0.3020943,"total":0.3421517,"children":{"RayPerceptionSensor.Perceive":{"count":7371,"self":0.0400574,"total":0.0400574,"children":null}}}}},"InitializeActuators":{"count":7371,"self":0.12194959999999999,"total":0.12194959999999999,"children":null},"InitializeSensors":{"count":7371,"self":0.47278159999999997,"total":0.47278159999999997,"children":null}}},"AgentInfo.ToProto":{"count":11243,"self":0.078576899999999991,"total":0.72609689999999993,"children":{"GenerateSensorData":{"count":11243,"self":0.5696662,"total":0.64752,"children":{"RayPerceptionSensor.Perceive":{"count":11243,"self":0.0778538,"total":0.0778538,"children":null}}}}}},"gauges":{},"metadata":{"timer_format_version":"0.1.0","start_time_seconds":"1648605427","unity_version":"2020.3.23f1","command_line_arguments":"C:\\Program Files\\Unity\\Hub\\Editor\\2020.3.23f1\\Editor\\Unity.exe -projectpath C:\/Users\/DanteZ\/Unity Projects\/Level Testing Grid Approach -useHub -hubIPC -cloudEnvironment production -hubSessionId 781675d0-af38-11ec-bf91-2fc23c1ccd1e -accessToken oolqWunoYwiKZKotYQe7CsMi0wV6e5v-VCRbAL4KeUI011f","communication_protocol_version":"1.5.0","com.unity.ml-agents_version":"2.0.1","scene_name":"SampleScene","end_time_seconds":"1648616934"}}