{"count":1,"self":6219.8833152,"total":33357.1754086,"children":{"InitializeActuators":{"count":57047,"self":0.5367685,"total":0.5367685,"children":null},"InitializeSensors":{"count":57047,"self":2.4680424,"total":2.4680423,"children":null},"AgentSendState":{"count":6426867,"self":1725.8084351999998,"total":2466.6185825,"children":{"CollectObservations":{"count":17131953,"self":111.7340928,"total":111.7340941,"children":null},"WriteActionMask":{"count":17131953,"self":7.5800864,"total":7.5800861999999993,"children":null},"RequestDecision":{"count":17131953,"self":40.591545599999996,"total":621.4960447,"children":{"AgentInfo.ToProto":{"count":17131953,"self":34.7992,"total":580.9045006,"children":{"GenerateSensorData":{"count":17131953,"self":427.6730624,"total":546.1053018,"children":{"RayPerceptionSensor.Perceive":{"count":17131953,"self":118.43224319999999,"total":118.4322467,"children":null}}}}}}}}},"DecideAction":{"count":6426867,"self":24470.9801984,"total":24470.9804924,"children":null},"AgentAct":{"count":6426867,"self":189.70926079999998,"total":193.7808533,"children":{"AgentInfo.ToProto":{"count":41345,"self":0.1934835,"total":1.9664963999999998,"children":{"GenerateSensorData":{"count":41345,"self":1.420436,"total":1.7730129,"children":{"RayPerceptionSensor.Perceive":{"count":41345,"self":0.35257689999999997,"total":0.35257689999999997,"children":null}}}}},"InitializeActuators":{"count":41345,"self":0.4512518,"total":0.4512518,"children":null},"InitializeSensors":{"count":41345,"self":1.6538453,"total":1.6538453,"children":null}}},"AgentInfo.ToProto":{"count":57039,"self":0.29452439999999996,"total":2.9053183,"children":{"GenerateSensorData":{"count":57039,"self":2.1033163999999998,"total":2.6107939,"children":{"RayPerceptionSensor.Perceive":{"count":57039,"self":0.5074776,"total":0.5074776,"children":null}}}}}},"gauges":{},"metadata":{"timer_format_version":"0.1.0","start_time_seconds":"1649530890","unity_version":"2020.3.33f1","command_line_arguments":"D:\\Program Files\\Editors Unity\\2020.3.33f1\\Editor\\Unity.exe -projectpath D:\/Unity_projects\/Level-Testing-Grid-Approach -useHub -hubIPC -cloudEnvironment production -skipUpgradeDialogs -hubSessionId 70d6d870-b7d8-11ec-ab76-fd5a89cb9ae9","communication_protocol_version":"1.5.0","com.unity.ml-agents_version":"2.0.1","scene_name":"SampleScene","end_time_seconds":"1649564247"}}