{"count":1,"self":526.6579968,"total":1677.4546997,"children":{"InitializeActuators":{"count":4,"self":0.0030004999999999997,"total":0.0030004999999999997,"children":null},"InitializeSensors":{"count":4,"self":0.0020176,"total":0.0020176,"children":null},"AgentSendState":{"count":536334,"self":2.9775207999999997,"total":21.4447317,"children":{"CollectObservations":{"count":429068,"self":3.5143636,"total":3.5143636,"children":null},"WriteActionMask":{"count":429068,"self":0.3357439,"total":0.3357439,"children":null},"RequestDecision":{"count":429068,"self":1.7587258,"total":14.6171034,"children":{"AgentInfo.ToProto":{"count":429068,"self":1.9082679999999999,"total":12.858377599999999,"children":{"GenerateSensorData":{"count":429068,"self":10.9501096,"total":10.950109699999999,"children":null}}}}}}},"DecideAction":{"count":536334,"self":1042.902016,"total":1042.902034,"children":null},"AgentAct":{"count":536334,"self":86.3878656,"total":86.4419001,"children":{"AgentInfo.ToProto":{"count":1072,"self":0.0060567999999999993,"total":0.054033199999999997,"children":{"GenerateSensorData":{"count":1072,"self":0.047976399999999995,"total":0.047976399999999995,"children":null}}}}}},"gauges":{"GeneratorTurtle.CumulativeReward":{"count":1072,"max":-3,"min":-52,"runningAverage":-25.2798653,"value":-28,"weightedAverage":-27.1173458}},"metadata":{"timer_format_version":"0.1.0","start_time_seconds":"1646472764","unity_version":"2020.3.23f1","command_line_arguments":"C:\\Program Files\\Unity\\Hub\\Editor\\2020.3.23f1\\Editor\\Unity.exe -projectpath C:\/Users\/DanteZ\/Unity Projects\/Level Testing Grid Approach -useHub -hubIPC -cloudEnvironment production -hubSessionId 5f8c38a0-9c29-11ec-bcca-891d6f3fdbed","communication_protocol_version":"1.5.0","com.unity.ml-agents_version":"2.0.1","scene_name":"SampleScene","end_time_seconds":"1646474441"}}