{
    "name": "root",
    "gauges": {
        "Solver.Policy.Entropy.mean": {
            "value": 1.731467843055725,
            "min": 1.731467843055725,
            "max": 2.1589362621307373,
            "count": 5
        },
        "Solver.Policy.Entropy.sum": {
            "value": 34608.578125,
            "min": 34608.578125,
            "max": 43796.1796875,
            "count": 5
        },
        "Solver.Environment.EpisodeLength.mean": {
            "value": 157.2109375,
            "min": 148.71851851851852,
            "max": 280.59420289855075,
            "count": 5
        },
        "Solver.Environment.EpisodeLength.sum": {
            "value": 20123.0,
            "min": 19361.0,
            "max": 20123.0,
            "count": 5
        },
        "Solver.Step.mean": {
            "value": 99966.0,
            "min": 19986.0,
            "max": 99966.0,
            "count": 5
        },
        "Solver.Step.sum": {
            "value": 99966.0,
            "min": 19986.0,
            "max": 99966.0,
            "count": 5
        },
        "Solver.Policy.ExtrinsicValueEstimate.mean": {
            "value": 0.08329291641712189,
            "min": 0.025534315034747124,
            "max": 0.3935852348804474,
            "count": 5
        },
        "Solver.Policy.ExtrinsicValueEstimate.sum": {
            "value": 18.241147994995117,
            "min": 5.0557942390441895,
            "max": 76.35553741455078,
            "count": 5
        },
        "Solver.Policy.CuriosityValueEstimate.mean": {
            "value": 0.34653955698013306,
            "min": 0.34653955698013306,
            "max": 1.2847394943237305,
            "count": 5
        },
        "Solver.Policy.CuriosityValueEstimate.sum": {
            "value": 75.89216613769531,
            "min": 75.89216613769531,
            "max": 249.2394561767578,
            "count": 5
        },
        "Solver.Environment.CumulativeReward.mean": {
            "value": 0.42228120031813887,
            "min": -0.062141565329671564,
            "max": 0.42228120031813887,
            "count": 5
        },
        "Solver.Environment.CumulativeReward.sum": {
            "value": 54.051993640721776,
            "min": -5.654882445000112,
            "max": 54.051993640721776,
            "count": 5
        },
        "Solver.Policy.ExtrinsicReward.mean": {
            "value": 0.42228120031813887,
            "min": -0.062141565329671564,
            "max": 0.42228120031813887,
            "count": 5
        },
        "Solver.Policy.ExtrinsicReward.sum": {
            "value": 54.051993640721776,
            "min": -5.654882445000112,
            "max": 54.051993640721776,
            "count": 5
        },
        "Solver.Policy.CuriosityReward.mean": {
            "value": 0.9368065937887877,
            "min": 0.9049506390536273,
            "max": 7.671621050480958,
            "count": 5
        },
        "Solver.Policy.CuriosityReward.sum": {
            "value": 119.91124400496483,
            "min": 97.8117481097579,
            "max": 698.1175155937672,
            "count": 5
        },
        "Solver.Losses.PolicyLoss.mean": {
            "value": 0.06905917799928883,
            "min": 0.06650468934202325,
            "max": 0.06945453638521334,
            "count": 5
        },
        "Solver.Losses.PolicyLoss.sum": {
            "value": 0.6905917799928883,
            "min": 0.5985422040782092,
            "max": 0.6945453638521334,
            "count": 5
        },
        "Solver.Losses.ValueLoss.mean": {
            "value": 0.0012331416177367633,
            "min": 0.0012331416177367633,
            "max": 0.06082016135850507,
            "count": 5
        },
        "Solver.Losses.ValueLoss.sum": {
            "value": 0.012331416177367632,
            "min": 0.012331416177367632,
            "max": 0.5473814522265457,
            "count": 5
        },
        "Solver.Policy.LearningRate.mean": {
            "value": 0.000999103641089636,
            "min": 0.000999103641089636,
            "max": 0.0009998947988994087,
            "count": 5
        },
        "Solver.Policy.LearningRate.sum": {
            "value": 0.009991036410896359,
            "min": 0.008993741820625819,
            "max": 0.009995049360495063,
            "count": 5
        },
        "Solver.Policy.Epsilon.mean": {
            "value": 0.19991036410000002,
            "min": 0.19991036410000002,
            "max": 0.19998947988888888,
            "count": 5
        },
        "Solver.Policy.Epsilon.sum": {
            "value": 1.9991036410000003,
            "min": 1.799374182,
            "max": 1.9995049360000001,
            "count": 5
        },
        "Solver.Policy.Beta.mean": {
            "value": 0.00999104537359,
            "min": 0.00999104537359,
            "max": 0.0099989490409,
            "count": 5
        },
        "Solver.Policy.Beta.sum": {
            "value": 0.09991045373589999,
            "min": 0.08993748078179999,
            "max": 0.0999505431064,
            "count": 5
        },
        "Solver.Losses.CuriosityForwardLoss.mean": {
            "value": 0.08191806491163066,
            "min": 0.06187981532420963,
            "max": 1.0601446790344735,
            "count": 5
        },
        "Solver.Losses.CuriosityForwardLoss.sum": {
            "value": 0.8191806491163066,
            "min": 0.6187981532420963,
            "max": 9.541302111310262,
            "count": 5
        },
        "Solver.Losses.CuriosityInverseLoss.mean": {
            "value": 1.6777920462045013,
            "min": 1.6777920462045013,
            "max": 2.1674187542111785,
            "count": 5
        },
        "Solver.Losses.CuriosityInverseLoss.sum": {
            "value": 16.777920462045014,
            "min": 16.746816876033943,
            "max": 20.344880012174446,
            "count": 5
        },
        "Solver.IsTraining.mean": {
            "value": 1.0,
            "min": 1.0,
            "max": 1.0,
            "count": 5
        },
        "Solver.IsTraining.sum": {
            "value": 1.0,
            "min": 1.0,
            "max": 1.0,
            "count": 5
        }
    },
    "metadata": {
        "timer_format_version": "0.1.0",
        "start_time_seconds": "1649497071",
        "python_version": "3.7.13 (default, Mar 28 2022, 08:03:21) [MSC v.1916 64 bit (AMD64)]",
        "command_line_arguments": "D:\\Users\\Angi\\anaconda3\\envs\\ml-agents-r17\\Scripts\\mlagents-learn Config/PCGRL.yaml --run-id PCGRL_V3",
        "mlagents_version": "0.26.0",
        "mlagents_envs_version": "0.26.0",
        "communication_protocol_version": "1.5.0",
        "pytorch_version": "1.7.1+cu110",
        "numpy_version": "1.21.5",
        "end_time_seconds": "1649497468"
    },
    "total": 396.7930722,
    "count": 1,
    "self": 0.017772299999990082,
    "children": {
        "run_training.setup": {
            "total": 0.16467560000000003,
            "count": 1,
            "self": 0.16467560000000003
        },
        "TrainerController.start_learning": {
            "total": 396.6106243,
            "count": 1,
            "self": 0.8300194999994801,
            "children": {
                "TrainerController._reset_env": {
                    "total": 9.975950300000001,
                    "count": 1,
                    "self": 9.975950300000001
                },
                "TrainerController.advance": {
                    "total": 385.5436543000005,
                    "count": 26866,
                    "self": 0.4414510999975505,
                    "children": {
                        "env_step": {
                            "total": 385.102203200003,
                            "count": 26866,
                            "self": 244.22568590000736,
                            "children": {
                                "SubprocessEnvManager._take_step": {
                                    "total": 140.4311263999956,