{
    "name": "root",
    "gauges": {
        "Solver.Policy.Entropy.mean": {
            "value": 1.8498116731643677,
            "min": 1.8498116731643677,
            "max": 2.126089572906494,
            "count": 4
        },
        "Solver.Policy.Entropy.sum": {
            "value": 37824.94921875,
            "min": 36625.6953125,
            "max": 43580.5859375,
            "count": 4
        },
        "Solver.Step.mean": {
            "value": 79968.0,
            "min": 19906.0,
            "max": 79968.0,
            "count": 4
        },
        "Solver.Step.sum": {
            "value": 79968.0,
            "min": 19906.0,
            "max": 79968.0,
            "count": 4
        },
        "Solver.Policy.ExtrinsicValueEstimate.mean": {
            "value": -0.01443538349121809,
            "min": -0.10373494029045105,
            "max": -0.01443538349121809,
            "count": 4
        },
        "Solver.Policy.ExtrinsicValueEstimate.sum": {
            "value": -3.5366690158843994,
            "min": -20.850723266601562,
            "max": -3.5366690158843994,
            "count": 4
        },
        "Solver.Policy.CuriosityValueEstimate.mean": {
            "value": 0.41625291109085083,
            "min": 0.41625291109085083,
            "max": 1.3915584087371826,
            "count": 4
        },
        "Solver.Policy.CuriosityValueEstimate.sum": {
            "value": 101.98196411132812,
            "min": 83.92474365234375,
            "max": 279.7032470703125,
            "count": 4
        },
        "Solver.Environment.EpisodeLength.mean": {
            "value": 137.54421768707482,
            "min": 137.54421768707482,
            "max": 213.32608695652175,
            "count": 4
        },
        "Solver.Environment.EpisodeLength.sum": {
            "value": 20219.0,
            "min": 19501.0,
            "max": 20219.0,
            "count": 4
        },
        "Solver.Environment.CumulativeReward.mean": {
            "value": 0.019264993851060327,
            "min": -0.18916091187952125,
            "max": 0.019264993851060327,
            "count": 4
        },
        "Solver.Environment.CumulativeReward.sum": {
            "value": 2.812689102254808,
            "min": -18.537769364193082,
            "max": 2.812689102254808,
            "count": 4
        },
        "Solver.Policy.ExtrinsicReward.mean": {
            "value": 0.019264993851060327,
            "min": -0.18916091187952125,
            "max": 0.019264993851060327,
            "count": 4
        },
        "Solver.Policy.ExtrinsicReward.sum": {
            "value": 2.812689102254808,
            "min": -18.537769364193082,
            "max": 2.812689102254808,
            "count": 4
        },
        "Solver.Policy.CuriosityReward.mean": {
            "value": 0.8215207165132646,
            "min": 0.8215207165132646,
            "max": 6.44504491802381,
            "count": 4
        },
        "Solver.Policy.CuriosityReward.sum": {
            "value": 119.94202461093664,
            "min": 113.49618825316429,
            "max": 631.6144019663334,
            "count": 4
        },
        "Solver.Losses.PolicyLoss.mean": {
            "value": 0.09765962608854437,
            "min": 0.09356921965698482,
            "max": 0.09765962608854437,
            "count": 4
        },
        "Solver.Losses.PolicyLoss.sum": {
            "value": 1.855532895682343,
            "min": 1.6842459538257268,
            "max": 1.855532895682343,
            "count": 4
        },
        "Solver.Losses.ValueLoss.mean": {
            "value": 0.001772584641485486,
            "min": 0.001772584641485486,
            "max": 0.25135482269529563,
            "count": 4
        },
        "Solver.Losses.ValueLoss.sum": {
            "value": 0.033679108188224234,
            "min": 0.033679108188224234,
            "max": 4.524386808515321,
            "count": 4
        },
        "Solver.Policy.LearningRate.mean": {
            "value": 0.0009992986558596082,
            "min": 0.0009992986558596082,
            "max": 0.000999897860010214,
            "count": 4
        },
        "Solver.Policy.LearningRate.sum": {
            "value": 0.018986674461332554,
            "min": 0.017990986410901362,
            "max": 0.018994267220573274,
            "count": 4
        },
        "Solver.Policy.Epsilon.mean": {
            "value": 0.1999298655789474,
            "min": 0.1999298655789474,
            "max": 0.19998978600000006,
            "count": 4
        },
        "Solver.Policy.Epsilon.sum": {
            "value": 3.7986674460000005,
            "min": 3.5990986410000003,
            "max": 3.799426722,
            "count": 4
        },
        "Solver.Policy.Beta.mean": {
            "value": 0.00999299357133684,
            "min": 0.00999299357133684,
            "max": 0.009998979621399999,
            "count": 4
        },
        "Solver.Policy.Beta.sum": {
            "value": 0.18986687785539996,
            "min": 0.1799099542359,
            "max": 0.18994272952780003,
            "count": 4
        },
        "Solver.Losses.CuriosityForwardLoss.mean": {
            "value": 0.07919893842800813,
            "min": 0.07081653207749075,
            "max": 0.34115100571908297,
            "count": 4
        },
        "Solver.Losses.CuriosityForwardLoss.sum": {
            "value": 1.5047798301321544,
            "min": 1.3455141094723242,
            "max": 6.140718102943493,
            "count": 4
        },
        "Solver.Losses.CuriosityInverseLoss.mean": {
            "value": 1.7682831767481302,
            "min": 1.7682831767481302,
            "max": 2.136949792104296,
            "count": 4
        },
        "Solver.Losses.CuriosityInverseLoss.sum": {
            "value": 33.59738035821447,
            "min": 33.165771343544414,
            "max": 38.46509625787733,
            "count": 4
        },
        "Solver.IsTraining.mean": {
            "value": 1.0,
            "min": 1.0,
            "max": 1.0,
            "count": 4
        },
        "Solver.IsTraining.sum": {
            "value": 1.0,
            "min": 1.0,
            "max": 1.0,
            "count": 4
        }
    },
    "metadata": {
        "timer_format_version": "0.1.0",
        "start_time_seconds": "1649499936",
        "python_version": "3.7.13 (default, Mar 28 2022, 08:03:21) [MSC v.1916 64 bit (AMD64)]",
        "command_line_arguments": "D:\\Users\\Angi\\anaconda3\\envs\\ml-agents-r17\\Scripts\\mlagents-learn Config/PCGRL.yaml --run-id PCGRL_V6",
        "mlagents_version": "0.26.0",
        "mlagents_envs_version": "0.26.0",
        "communication_protocol_version": "1.5.0",
        "pytorch_version": "1.7.1+cu110",
        "numpy_version": "1.21.5",
        "end_time_seconds": "1649500335"
    },
    "total": 398.45538919999996,
    "count": 1,
    "self": 0.009125999999923806,
    "children": {
        "run_training.setup": {
            "total": 0.17699160000000003,
            "count": 1,
            "self": 0.17699160000000003
        },
        "TrainerController.start_learning": {
            "total": 398.2692716,
            "count": 1,
            "self": 1.2827586999986238,
            "children": {
                "TrainerController._reset_env": {
                    "total": 11.9035374,
                    "count": 1,
                    "self": 11.9035374
                },
                "TrainerController.advance": {
                    "total": 384.86953800000146,
                    "count": 16856,
                    "self": 0.2749822000009772,
                    "children": {
                        "env_step": {
                            "total": 384.5945558000005,
                            "count": 16856,
                            "self": 293.20819730000204,